timestamp,keyword,rank,title,url
2025-04-15 16:31:34,Laravel development company,1,Laravel Development Experts - WebReinvent,https://webreinvent.com/laravel
2025-04-16 10:00:00,Laravel development company,2,Laravel Development Experts - WebReinvent,https://webreinvent.com/laravel
2025-04-17 10:00:00,Laravel development company,3,Laravel Development Experts - WebReinvent,https://webreinvent.com/laravel
2025-04-18 10:00:00,Laravel development company,4,Laravel Development Experts - WebReinvent,https://webreinvent.com/laravel
2025-04-19 10:00:00,Laravel development company,5,Laravel Development Experts - WebReinvent,https://webreinvent.com/laravel
2025-04-20 10:00:00,Laravel development company,6,Laravel Development Experts - WebReinvent,https://webreinvent.com/laravel2025-04-15 16:46:59,Laravel development company,18,Laravel Web Development Services Company/Agency,https://webreinvent.com/technologies/frameworks/laravel-development-services
2025-04-15 18:43:34,Laravel development company,18,Laravel Web Development Services Company/Agency,https://webreinvent.com/technologies/frameworks/laravel-development-services
2025-04-15 18:48:47,Laravel development company,18,Laravel Web Development Services Company/Agency,https://webreinvent.com/technologies/frameworks/laravel-development-services
2025-04-15 18:58:40,Laravel development company,18,Laravel Web Development Services Company/Agency,https://webreinvent.com/technologies/frameworks/laravel-development-services
